{"cameraMode":{"drawMode":0,"name":"Shaded","section":"Shading Mode"},"sceneLighting":true,"audioPlay":false,"sceneViewState":{"m_AlwaysRefresh":false,"showFog":true,"showSkybox":true,"showFlares":true,"showImageEffects":true,"showParticleSystems":true,"showVisualEffectGraphs":true,"m_FxEnabled":true},"in2DMode":false,"pivot":{"x":12.919824600219727,"y":-4.432156085968018,"z":45.85365295410156},"rotation":{"x":0.11050347238779068,"y":0.18767936527729035,"z":-0.021696971729397775,"w":0.976129412651062},"size":21.090970993041993,"orthographic":false}